--------------------------------------------------------
--  DROP FORREIGN KEY CONSTRAINTS
--------------------------------------------------------
ALTER TABLE EMP DROP CONSTRAINT EMP_FK1;
ALTER TABLE EMP_PROJ DROP CONSTRAINT EMP_PROJ_FK1;
ALTER TABLE EMP_PROJ DROP CONSTRAINT EMP_PROJ_FK2;

--------------------------------------------------------
DROP TABLE "SYSTEM"."DEPT" ;
--------------------------------------------------------
--  DDL for Table DEPT
--------------------------------------------------------

  CREATE TABLE "SYSTEM"."DEPT" 
   (	"ID" NUMBER(2,0), 
	"NAME" VARCHAR2(20 BYTE), 
	"LOC" VARCHAR2(20 BYTE)
   ) PCTFREE 10 PCTUSED 40 INITRANS 1 MAXTRANS 255 NOCOMPRESS LOGGING
  STORAGE(INITIAL 65536 NEXT 1048576 MINEXTENTS 1 MAXEXTENTS 2147483645
  PCTINCREASE 0 FREELISTS 1 FREELIST GROUPS 1 BUFFER_POOL DEFAULT FLASH_CACHE DEFAULT CELL_FLASH_CACHE DEFAULT)
  TABLESPACE "SYSTEM" ;
--------------------------------------------------------
--  DDL for Index PK_DEPT
--------------------------------------------------------

  CREATE UNIQUE INDEX "SYSTEM"."PK_DEPT" ON "SYSTEM"."DEPT" ("ID") 
  PCTFREE 10 INITRANS 2 MAXTRANS 255 COMPUTE STATISTICS 
  STORAGE(INITIAL 65536 NEXT 1048576 MINEXTENTS 1 MAXEXTENTS 2147483645
  PCTINCREASE 0 FREELISTS 1 FREELIST GROUPS 1 BUFFER_POOL DEFAULT FLASH_CACHE DEFAULT CELL_FLASH_CACHE DEFAULT)
  TABLESPACE "SYSTEM" ;
--------------------------------------------------------
--  Constraints for Table DEPT
--------------------------------------------------------

  ALTER TABLE "SYSTEM"."DEPT" ADD CONSTRAINT "PK_DEPT" PRIMARY KEY ("ID")
  USING INDEX PCTFREE 10 INITRANS 2 MAXTRANS 255 COMPUTE STATISTICS 
  STORAGE(INITIAL 65536 NEXT 1048576 MINEXTENTS 1 MAXEXTENTS 2147483645
  PCTINCREASE 0 FREELISTS 1 FREELIST GROUPS 1 BUFFER_POOL DEFAULT FLASH_CACHE DEFAULT CELL_FLASH_CACHE DEFAULT)
  TABLESPACE "SYSTEM"  ENABLE;
  
  
  
--------------------------------------------------------  
DROP TABLE "SYSTEM"."EMP" ;
--------------------------------------------------------
--  DDL for Table EMP
--------------------------------------------------------

  CREATE TABLE "SYSTEM"."EMP" 
   (	"ID" NUMBER(8,0), 
	"NAME" VARCHAR2(10 BYTE), 
	"JOB" VARCHAR2(10 BYTE), 
	"MGR" NUMBER(8,0), 
	"HIREDATE" DATE, 
	"SAL" NUMBER(8,2), 
	"COMM" NUMBER(8,2), 
	"DEPTID" NUMBER(2,0)
   ) PCTFREE 10 PCTUSED 40 INITRANS 1 MAXTRANS 255 NOCOMPRESS LOGGING
  STORAGE(INITIAL 65536 NEXT 1048576 MINEXTENTS 1 MAXEXTENTS 2147483645
  PCTINCREASE 0 FREELISTS 1 FREELIST GROUPS 1 BUFFER_POOL DEFAULT FLASH_CACHE DEFAULT CELL_FLASH_CACHE DEFAULT)
  TABLESPACE "SYSTEM" ;
--------------------------------------------------------
--  DDL for Index PK_EMP
--------------------------------------------------------

  CREATE UNIQUE INDEX "SYSTEM"."PK_EMP" ON "SYSTEM"."EMP" ("ID") 
  PCTFREE 10 INITRANS 2 MAXTRANS 255 COMPUTE STATISTICS 
  STORAGE(INITIAL 65536 NEXT 1048576 MINEXTENTS 1 MAXEXTENTS 2147483645
  PCTINCREASE 0 FREELISTS 1 FREELIST GROUPS 1 BUFFER_POOL DEFAULT FLASH_CACHE DEFAULT CELL_FLASH_CACHE DEFAULT)
  TABLESPACE "SYSTEM" ;
--------------------------------------------------------
--  Constraints for Table EMP
--------------------------------------------------------

  ALTER TABLE "SYSTEM"."EMP" ADD CONSTRAINT "PK_EMP" PRIMARY KEY ("ID")
  USING INDEX PCTFREE 10 INITRANS 2 MAXTRANS 255 COMPUTE STATISTICS 
  STORAGE(INITIAL 65536 NEXT 1048576 MINEXTENTS 1 MAXEXTENTS 2147483645
  PCTINCREASE 0 FREELISTS 1 FREELIST GROUPS 1 BUFFER_POOL DEFAULT FLASH_CACHE DEFAULT CELL_FLASH_CACHE DEFAULT)
  TABLESPACE "SYSTEM"  ENABLE;
--------------------------------------------------------
--  Ref Constraints for Table EMP
--------------------------------------------------------

  ALTER TABLE "SYSTEM"."EMP" ADD CONSTRAINT "EMP_FK1" FOREIGN KEY ("DEPTID")
	  REFERENCES "SYSTEM"."DEPT" ("ID") ON DELETE SET NULL ENABLE;


  
--------------------------------------------------------
DROP TABLE "SYSTEM"."PROJ";
--------------------------------------------------------
--  DDL for Table PROJ
--------------------------------------------------------

  CREATE TABLE "SYSTEM"."PROJ" 
   (	"ID" NUMBER(10,0), 
	"NAME" VARCHAR2(40 BYTE)
   ) PCTFREE 10 PCTUSED 40 INITRANS 1 MAXTRANS 255 NOCOMPRESS LOGGING
  STORAGE(INITIAL 65536 NEXT 1048576 MINEXTENTS 1 MAXEXTENTS 2147483645
  PCTINCREASE 0 FREELISTS 1 FREELIST GROUPS 1 BUFFER_POOL DEFAULT FLASH_CACHE DEFAULT CELL_FLASH_CACHE DEFAULT)
  TABLESPACE "SYSTEM" ;
--------------------------------------------------------
--  DDL for Index PROJ_PK
--------------------------------------------------------

  CREATE UNIQUE INDEX "SYSTEM"."PROJ_PK" ON "SYSTEM"."PROJ" ("ID") 
  PCTFREE 10 INITRANS 2 MAXTRANS 255 COMPUTE STATISTICS 
  STORAGE(INITIAL 65536 NEXT 1048576 MINEXTENTS 1 MAXEXTENTS 2147483645
  PCTINCREASE 0 FREELISTS 1 FREELIST GROUPS 1 BUFFER_POOL DEFAULT FLASH_CACHE DEFAULT CELL_FLASH_CACHE DEFAULT)
  TABLESPACE "SYSTEM" ;
--------------------------------------------------------
--  Constraints for Table PROJ
--------------------------------------------------------

  ALTER TABLE "SYSTEM"."PROJ" MODIFY ("ID" NOT NULL ENABLE);
  ALTER TABLE "SYSTEM"."PROJ" ADD CONSTRAINT "PROJ_PK" PRIMARY KEY ("ID")
  USING INDEX PCTFREE 10 INITRANS 2 MAXTRANS 255 COMPUTE STATISTICS 
  STORAGE(INITIAL 65536 NEXT 1048576 MINEXTENTS 1 MAXEXTENTS 2147483645
  PCTINCREASE 0 FREELISTS 1 FREELIST GROUPS 1 BUFFER_POOL DEFAULT FLASH_CACHE DEFAULT CELL_FLASH_CACHE DEFAULT)
  TABLESPACE "SYSTEM"  ENABLE;


--------------------------------------------------------
DROP TABLE "SYSTEM"."EMP_PROJ" ;
--------------------------------------------------------
--  DDL for Table EMP_PROJ
--------------------------------------------------------

  CREATE TABLE "SYSTEM"."EMP_PROJ" 
   (	"EMPID" NUMBER(8,0), 
	"PROJID" NUMBER(10,0)
   ) PCTFREE 10 PCTUSED 40 INITRANS 1 MAXTRANS 255 NOCOMPRESS LOGGING
  STORAGE(INITIAL 65536 NEXT 1048576 MINEXTENTS 1 MAXEXTENTS 2147483645
  PCTINCREASE 0 FREELISTS 1 FREELIST GROUPS 1 BUFFER_POOL DEFAULT FLASH_CACHE DEFAULT CELL_FLASH_CACHE DEFAULT)
  TABLESPACE "SYSTEM" ;
--------------------------------------------------------
--  DDL for Index EMP_PROJ_PK
--------------------------------------------------------

  CREATE UNIQUE INDEX "SYSTEM"."EMP_PROJ_PK" ON "SYSTEM"."EMP_PROJ" ("EMPID", "PROJID") 
  PCTFREE 10 INITRANS 2 MAXTRANS 255 COMPUTE STATISTICS 
  STORAGE(INITIAL 65536 NEXT 1048576 MINEXTENTS 1 MAXEXTENTS 2147483645
  PCTINCREASE 0 FREELISTS 1 FREELIST GROUPS 1 BUFFER_POOL DEFAULT FLASH_CACHE DEFAULT CELL_FLASH_CACHE DEFAULT)
  TABLESPACE "SYSTEM" ;
--------------------------------------------------------
--  Constraints for Table EMP_PROJ
--------------------------------------------------------

  ALTER TABLE "SYSTEM"."EMP_PROJ" MODIFY ("PROJID" NOT NULL ENABLE);
  ALTER TABLE "SYSTEM"."EMP_PROJ" MODIFY ("EMPID" NOT NULL ENABLE);
  ALTER TABLE "SYSTEM"."EMP_PROJ" ADD CONSTRAINT "EMP_PROJ_PK" PRIMARY KEY ("EMPID", "PROJID")
  USING INDEX PCTFREE 10 INITRANS 2 MAXTRANS 255 COMPUTE STATISTICS 
  STORAGE(INITIAL 65536 NEXT 1048576 MINEXTENTS 1 MAXEXTENTS 2147483645
  PCTINCREASE 0 FREELISTS 1 FREELIST GROUPS 1 BUFFER_POOL DEFAULT FLASH_CACHE DEFAULT CELL_FLASH_CACHE DEFAULT)
  TABLESPACE "SYSTEM"  ENABLE;
--------------------------------------------------------
--  Ref Constraints for Table EMP_PROJ
--------------------------------------------------------

  ALTER TABLE "SYSTEM"."EMP_PROJ" ADD CONSTRAINT "EMP_PROJ_FK1" FOREIGN KEY ("EMPID")
	  REFERENCES "SYSTEM"."EMP" ("ID") ON DELETE CASCADE ENABLE;
  ALTER TABLE "SYSTEM"."EMP_PROJ" ADD CONSTRAINT "EMP_PROJ_FK2" FOREIGN KEY ("PROJID")
	  REFERENCES "SYSTEM"."PROJ" ("ID") ON DELETE CASCADE ENABLE;

--------------------------------------------------------
--  Create Table BONUS
-------------------------------------------------------- 
DROP TABLE BONUS;
CREATE TABLE BONUS
	(
	ENAME VARCHAR2(10)	,
	JOB VARCHAR2(10)  ,
	SAL NUMBER,
	COMM NUMBER
	) ;
DROP TABLE SALGRADE;
CREATE TABLE SALGRADE
      ( GRADE NUMBER,
	LOSAL NUMBER,
	HISAL NUMBER );
INSERT INTO SALGRADE VALUES (1,700,1200);
INSERT INTO SALGRADE VALUES (2,1201,1400);
INSERT INTO SALGRADE VALUES (3,1401,2000);
INSERT INTO SALGRADE VALUES (4,2001,3000);
INSERT INTO SALGRADE VALUES (5,3001,9999);	  
	  

--------------------------------------------------------
--  Insert Data into Tables
--------------------------------------------------------

INSERT INTO DEPT VALUES
	(10,'ACCOUNTING','NEW YORK');
INSERT INTO DEPT VALUES (20,'RESEARCH','DALLAS');
INSERT INTO DEPT VALUES
	(30,'SALES','CHICAGO');
INSERT INTO DEPT VALUES
	(40,'OPERATIONS','BOSTON');
INSERT INTO DEPT VALUES
	(50,'ENGINEERING','SAN FRANCISCO');
	
INSERT INTO EMP VALUES
(7369,'SMITH','CLERK',7902,to_date('17-12-1980','dd-mm-yyyy'),800,NULL,20);
INSERT INTO EMP VALUES
(7499,'ALLEN','SALESMAN',7698,to_date('20-2-1981','dd-mm-yyyy'),1600,300,30);
INSERT INTO EMP VALUES
(7521,'WARD','SALESMAN',7698,to_date('22-2-1981','dd-mm-yyyy'),1250,500,30);
INSERT INTO EMP VALUES
(7566,'JONES','MANAGER',7839,to_date('2-4-1981','dd-mm-yyyy'),2975,NULL,20);
INSERT INTO EMP VALUES
(7654,'MARTIN','SALESMAN',7698,to_date('28-9-1981','dd-mm-yyyy'),1250,1400,30);
INSERT INTO EMP VALUES
(7698,'BLAKE','MANAGER',7839,to_date('1-5-1981','dd-mm-yyyy'),2850,NULL,30);
INSERT INTO EMP VALUES
(7782,'CLARK','MANAGER',7839,to_date('9-6-1981','dd-mm-yyyy'),2450,NULL,10);
INSERT INTO EMP VALUES
(7788,'SCOTT','ANALYST',7566,to_date('13-JUL-87')-85,3000,NULL,20);
INSERT INTO EMP VALUES
(7839,'KING','PRESIDENT',NULL,to_date('17-11-1981','dd-mm-yyyy'),5000,NULL,10);
INSERT INTO EMP VALUES
(7844,'TURNER','SALESMAN',7698,to_date('8-9-1981','dd-mm-yyyy'),1500,0,30);
INSERT INTO EMP VALUES
(7876,'ADAMS','CLERK',7788,to_date('13-JUL-87')-51,1100,NULL,20);
INSERT INTO EMP VALUES
(7900,'JAMES','CLERK',7698,to_date('3-12-1981','dd-mm-yyyy'),950,NULL,30);
INSERT INTO EMP VALUES
(7902,'FORD','ANALYST',7566,to_date('3-12-1981','dd-mm-yyyy'),3000,NULL,20);
INSERT INTO EMP VALUES
(7934,'MILLER','CLERK',7782,to_date('23-1-1982','dd-mm-yyyy'),1300,NULL,10);

INSERT INTO PROJ VALUES (1,'JAVA');
INSERT INTO PROJ VALUES (2,'C');
INSERT INTO PROJ VALUES (3,'C++');
INSERT INTO PROJ VALUES (4,'PYTHON');
INSERT INTO PROJ VALUES (5,'RUBY');
INSERT INTO PROJ VALUES (6,'PHP');
INSERT INTO PROJ VALUES (7,'VC#');
INSERT INTO PROJ VALUES (8,'VB.NET');
INSERT INTO PROJ VALUES (9,'PASCAL');

INSERT INTO EMP_PROJ VALUES (7654,1);
INSERT INTO EMP_PROJ VALUES (7698,2);
INSERT INTO EMP_PROJ VALUES (7788,3);
INSERT INTO EMP_PROJ VALUES (7844,4);
INSERT INTO EMP_PROJ VALUES (7876,5);
COMMIT;



